[
  {
    "name": "Process Start",
    "start": 1623044539975,
    "end": 1623044541210,
    "duration": 1235,
    "pid": 5932,
    "index": 0
  },
  {
    "name": "Application Start",
    "start": 1623044541210,
    "end": 1623044542030,
    "duration": 820,
    "pid": 5932,
    "index": 1
  },
  {
    "name": "Load Plugin",
    "start": 1623044541215,
    "end": 1623044541233,
    "duration": 18,
    "pid": 5932,
    "index": 2
  },
  {
    "name": "Load Config",
    "start": 1623044541233,
    "end": 1623044541253,
    "duration": 20,
    "pid": 5932,
    "index": 3
  },
  {
    "name": "Require(0) config/config.default.js",
    "start": 1623044541234,
    "end": 1623044541234,
    "duration": 0,
    "pid": 5932,
    "index": 4
  },
  {
    "name": "Require(1) node_modules/egg-session/config/config.default.js",
    "start": 1623044541235,
    "end": 1623044541236,
    "duration": 1,
    "pid": 5932,
    "index": 5
  },
  {
    "name": "Require(2) node_modules/egg-security/config/config.default.js",
    "start": 1623044541236,
    "end": 1623044541237,
    "duration": 1,
    "pid": 5932,
    "index": 6
  },
  {
    "name": "Require(3) node_modules/egg-jsonp/config/config.default.js",
    "start": 1623044541237,
    "end": 1623044541238,
    "duration": 1,
    "pid": 5932,
    "index": 7
  },
  {
    "name": "Require(4) node_modules/egg-onerror/config/config.default.js",
    "start": 1623044541238,
    "end": 1623044541239,
    "duration": 1,
    "pid": 5932,
    "index": 8
  },
  {
    "name": "Require(5) node_modules/egg-i18n/config/config.default.js",
    "start": 1623044541239,
    "end": 1623044541239,
    "duration": 0,
    "pid": 5932,
    "index": 9
  },
  {
    "name": "Require(6) node_modules/egg-watcher/config/config.default.js",
    "start": 1623044541240,
    "end": 1623044541240,
    "duration": 0,
    "pid": 5932,
    "index": 10
  },
  {
    "name": "Require(7) node_modules/egg-schedule/config/config.default.js",
    "start": 1623044541241,
    "end": 1623044541241,
    "duration": 0,
    "pid": 5932,
    "index": 11
  },
  {
    "name": "Require(8) node_modules/egg-multipart/config/config.default.js",
    "start": 1623044541241,
    "end": 1623044541242,
    "duration": 1,
    "pid": 5932,
    "index": 12
  },
  {
    "name": "Require(9) node_modules/egg-development/config/config.default.js",
    "start": 1623044541242,
    "end": 1623044541243,
    "duration": 1,
    "pid": 5932,
    "index": 13
  },
  {
    "name": "Require(10) node_modules/egg-logrotator/config/config.default.js",
    "start": 1623044541243,
    "end": 1623044541244,
    "duration": 1,
    "pid": 5932,
    "index": 14
  },
  {
    "name": "Require(11) node_modules/egg-static/config/config.default.js",
    "start": 1623044541244,
    "end": 1623044541244,
    "duration": 0,
    "pid": 5932,
    "index": 15
  },
  {
    "name": "Require(12) node_modules/egg-view/config/config.default.js",
    "start": 1623044541245,
    "end": 1623044541245,
    "duration": 0,
    "pid": 5932,
    "index": 16
  },
  {
    "name": "Require(13) node_modules/egg-redis/config/config.default.js",
    "start": 1623044541246,
    "end": 1623044541246,
    "duration": 0,
    "pid": 5932,
    "index": 17
  },
  {
    "name": "Require(14) node_modules/egg/config/config.default.js",
    "start": 1623044541247,
    "end": 1623044541247,
    "duration": 0,
    "pid": 5932,
    "index": 18
  },
  {
    "name": "Require(15) config/config.default.js",
    "start": 1623044541248,
    "end": 1623044541248,
    "duration": 0,
    "pid": 5932,
    "index": 19
  },
  {
    "name": "Require(16) node_modules/egg-security/config/config.local.js",
    "start": 1623044541249,
    "end": 1623044541249,
    "duration": 0,
    "pid": 5932,
    "index": 20
  },
  {
    "name": "Require(17) node_modules/egg-watcher/config/config.local.js",
    "start": 1623044541250,
    "end": 1623044541250,
    "duration": 0,
    "pid": 5932,
    "index": 21
  },
  {
    "name": "Require(18) node_modules/egg-view/config/config.local.js",
    "start": 1623044541251,
    "end": 1623044541252,
    "duration": 1,
    "pid": 5932,
    "index": 22
  },
  {
    "name": "Require(19) node_modules/egg/config/config.local.js",
    "start": 1623044541252,
    "end": 1623044541253,
    "duration": 1,
    "pid": 5932,
    "index": 23
  },
  {
    "name": "Load extend/application.js",
    "start": 1623044541254,
    "end": 1623044541270,
    "duration": 16,
    "pid": 5932,
    "index": 24
  },
  {
    "name": "Require(20) node_modules/egg-session/app/extend/application.js",
    "start": 1623044541254,
    "end": 1623044541254,
    "duration": 0,
    "pid": 5932,
    "index": 25
  },
  {
    "name": "Require(21) node_modules/egg-security/app/extend/application.js",
    "start": 1623044541255,
    "end": 1623044541256,
    "duration": 1,
    "pid": 5932,
    "index": 26
  },
  {
    "name": "Require(22) node_modules/egg-jsonp/app/extend/application.js",
    "start": 1623044541256,
    "end": 1623044541257,
    "duration": 1,
    "pid": 5932,
    "index": 27
  },
  {
    "name": "Require(23) node_modules/egg-logrotator/app/extend/application.js",
    "start": 1623044541259,
    "end": 1623044541260,
    "duration": 1,
    "pid": 5932,
    "index": 28
  },
  {
    "name": "Require(24) node_modules/egg-view/app/extend/application.js",
    "start": 1623044541260,
    "end": 1623044541262,
    "duration": 2,
    "pid": 5932,
    "index": 29
  },
  {
    "name": "Require(25) node_modules/egg-emqtt/app/extend/application.js",
    "start": 1623044541262,
    "end": 1623044541267,
    "duration": 5,
    "pid": 5932,
    "index": 30
  },
  {
    "name": "Load extend/request.js",
    "start": 1623044541270,
    "end": 1623044541276,
    "duration": 6,
    "pid": 5932,
    "index": 31
  },
  {
    "name": "Require(26) node_modules/egg/app/extend/request.js",
    "start": 1623044541273,
    "end": 1623044541274,
    "duration": 1,
    "pid": 5932,
    "index": 32
  },
  {
    "name": "Load extend/response.js",
    "start": 1623044541276,
    "end": 1623044541284,
    "duration": 8,
    "pid": 5932,
    "index": 33
  },
  {
    "name": "Require(27) node_modules/egg/app/extend/response.js",
    "start": 1623044541279,
    "end": 1623044541280,
    "duration": 1,
    "pid": 5932,
    "index": 34
  },
  {
    "name": "Load extend/context.js",
    "start": 1623044541284,
    "end": 1623044541338,
    "duration": 54,
    "pid": 5932,
    "index": 35
  },
  {
    "name": "Require(28) node_modules/egg-security/app/extend/context.js",
    "start": 1623044541284,
    "end": 1623044541294,
    "duration": 10,
    "pid": 5932,
    "index": 36
  },
  {
    "name": "Require(29) node_modules/egg-jsonp/app/extend/context.js",
    "start": 1623044541294,
    "end": 1623044541295,
    "duration": 1,
    "pid": 5932,
    "index": 37
  },
  {
    "name": "Require(30) node_modules/egg-i18n/app/extend/context.js",
    "start": 1623044541296,
    "end": 1623044541296,
    "duration": 0,
    "pid": 5932,
    "index": 38
  },
  {
    "name": "Require(31) node_modules/egg-multipart/app/extend/context.js",
    "start": 1623044541297,
    "end": 1623044541333,
    "duration": 36,
    "pid": 5932,
    "index": 39
  },
  {
    "name": "Require(32) node_modules/egg-view/app/extend/context.js",
    "start": 1623044541334,
    "end": 1623044541335,
    "duration": 1,
    "pid": 5932,
    "index": 40
  },
  {
    "name": "Require(33) node_modules/egg/app/extend/context.js",
    "start": 1623044541335,
    "end": 1623044541336,
    "duration": 1,
    "pid": 5932,
    "index": 41
  },
  {
    "name": "Load extend/helper.js",
    "start": 1623044541338,
    "end": 1623044541360,
    "duration": 22,
    "pid": 5932,
    "index": 42
  },
  {
    "name": "Require(34) node_modules/egg-security/app/extend/helper.js",
    "start": 1623044541339,
    "end": 1623044541355,
    "duration": 16,
    "pid": 5932,
    "index": 43
  },
  {
    "name": "Require(35) node_modules/egg/app/extend/helper.js",
    "start": 1623044541357,
    "end": 1623044541358,
    "duration": 1,
    "pid": 5932,
    "index": 44
  },
  {
    "name": "Load app.js",
    "start": 1623044541361,
    "end": 1623044541473,
    "duration": 112,
    "pid": 5932,
    "index": 45
  },
  {
    "name": "Require(36) node_modules/egg-session/app.js",
    "start": 1623044541361,
    "end": 1623044541361,
    "duration": 0,
    "pid": 5932,
    "index": 46
  },
  {
    "name": "Require(37) node_modules/egg-security/app.js",
    "start": 1623044541362,
    "end": 1623044541363,
    "duration": 1,
    "pid": 5932,
    "index": 47
  },
  {
    "name": "Require(38) node_modules/egg-onerror/app.js",
    "start": 1623044541363,
    "end": 1623044541370,
    "duration": 7,
    "pid": 5932,
    "index": 48
  },
  {
    "name": "Require(39) node_modules/egg-i18n/app.js",
    "start": 1623044541370,
    "end": 1623044541383,
    "duration": 13,
    "pid": 5932,
    "index": 49
  },
  {
    "name": "Require(40) node_modules/egg-watcher/app.js",
    "start": 1623044541383,
    "end": 1623044541386,
    "duration": 3,
    "pid": 5932,
    "index": 50
  },
  {
    "name": "Require(41) node_modules/egg-schedule/app.js",
    "start": 1623044541386,
    "end": 1623044541387,
    "duration": 1,
    "pid": 5932,
    "index": 51
  },
  {
    "name": "Require(42) node_modules/egg-multipart/app.js",
    "start": 1623044541388,
    "end": 1623044541388,
    "duration": 0,
    "pid": 5932,
    "index": 52
  },
  {
    "name": "Require(43) node_modules/egg-development/app.js",
    "start": 1623044541388,
    "end": 1623044541389,
    "duration": 1,
    "pid": 5932,
    "index": 53
  },
  {
    "name": "Require(44) node_modules/egg-logrotator/app.js",
    "start": 1623044541389,
    "end": 1623044541389,
    "duration": 0,
    "pid": 5932,
    "index": 54
  },
  {
    "name": "Require(45) node_modules/egg-static/app.js",
    "start": 1623044541389,
    "end": 1623044541390,
    "duration": 1,
    "pid": 5932,
    "index": 55
  },
  {
    "name": "Require(46) node_modules/egg-redis/app.js",
    "start": 1623044541390,
    "end": 1623044541391,
    "duration": 1,
    "pid": 5932,
    "index": 56
  },
  {
    "name": "Require(47) node_modules/egg-emqtt/app.js",
    "start": 1623044541392,
    "end": 1623044541472,
    "duration": 80,
    "pid": 5932,
    "index": 57
  },
  {
    "name": "Before Start in node_modules/egg-watcher/lib/init.js:15:14",
    "start": 1623044541482,
    "end": 1623044541915,
    "duration": 433,
    "pid": 5932,
    "index": 58
  },
  {
    "name": "Before Start in node_modules/egg-redis/lib/redis.js:53:7",
    "start": 1623044541558,
    "end": 1623044542030,
    "duration": 472,
    "pid": 5932,
    "index": 59
  },
  {
    "name": "Load Controller",
    "start": 1623044541563,
    "end": 1623044541699,
    "duration": 136,
    "pid": 5932,
    "index": 60
  },
  {
    "name": "Load \"controller\" to Application",
    "start": 1623044541563,
    "end": 1623044541699,
    "duration": 136,
    "pid": 5932,
    "index": 61
  },
  {
    "name": "Load Service",
    "start": 1623044541583,
    "end": 1623044541587,
    "duration": 4,
    "pid": 5932,
    "index": 62
  },
  {
    "name": "Load \"service\" to Context",
    "start": 1623044541583,
    "end": 1623044541587,
    "duration": 4,
    "pid": 5932,
    "index": 63
  },
  {
    "name": "Load Middleware",
    "start": 1623044541587,
    "end": 1623044541699,
    "duration": 112,
    "pid": 5932,
    "index": 64
  },
  {
    "name": "Load \"middlewares\" to Application",
    "start": 1623044541588,
    "end": 1623044541685,
    "duration": 97,
    "pid": 5932,
    "index": 65
  },
  {
    "name": "Load Controller",
    "start": 1623044541699,
    "end": 1623044541888,
    "duration": 189,
    "pid": 5932,
    "index": 66
  },
  {
    "name": "Load \"controller\" to Application",
    "start": 1623044541699,
    "end": 1623044541888,
    "duration": 189,
    "pid": 5932,
    "index": 67
  },
  {
    "name": "Load Router",
    "start": 1623044541888,
    "end": 1623044541893,
    "duration": 5,
    "pid": 5932,
    "index": 68
  },
  {
    "name": "Require(48) app/router.js",
    "start": 1623044541889,
    "end": 1623044541891,
    "duration": 2,
    "pid": 5932,
    "index": 69
  },
  {
    "name": "Before Start in node_modules/egg-core/lib/egg.js:303:10",
    "start": 1623044541891,
    "end": 1623044541906,
    "duration": 15,
    "pid": 5932,
    "index": 70
  }
]